RNC,Zone,Issue,Date,,,,
Q321000018-1,4,3,1,,,,
Q321000020-1,4,4,1,,,,
Q321000047-1,34,6,1,,,,
Q321000085-1,MTS,1,1,,,,
Q321000102-1,4,5,1,,,,
Q321000116-1,32,4,1,,,,
Q321000140-1,32,2,1,,,,
Q321000151-1,4,5,1,,,,
Q321000156-1,34,1,1,,,,
Q321000156-2,34,1,1,,,,Damage Holes while Joining
Q321000180-1,32,5,1,,,,
Q321000185-1,32,2,1,,,,
Q321000186-1,32,2,1,,,,
Q321000187-1,32,2,1,,,,
Q321000188-1,32,2,1,,,,
Q321000233-1,34,1,1,,,,
Q321000233-2,34,3,1,,,,
Q321000233-3,34,3,1,,,,
Q321000243-1,33,2,1,,,,
Q321000262-1,34,1,1,,,,
Q321000262-2,34,3,1,,,,
Q321000281-1,34,4,1,,,,
Q321000316-1,31,2,1,,,,
Q321000341-1,34,1,1,,,,
Q321000341-2,34,4,1,,,,
Q321000341-3,34,1,1,,,,
Q321000359-1,4,2,1,,,,
Q321000364-1,4,1,1,,,,
Q321000395-1,34,5,1,,,,
Q321000414-1,MTS,2,1,,,,
Q321000415-1,MTS,2,1,,,,
Q321000431-1,34,3,1,,,,
Q321000434-1,MTS,1,1,,,,
Q321000435-1,2,1,1,,,,
Q321000459-1,2,1,1,,,,
Q321000473-1,MTS,3,1,,,,
Q321000474-1,MTS,3,1,,,,
Q321000524-1,33,1,1,,,,
Q321000524-2,33,1,1,,,,
Q321000524-4,33,7,1,,,,
Q321000524-5,33,2,1,,,,
Q321000632-1,34,3,1,,,,
Q321000650-1,4,5,1,,,,
Q321000663-1,33,4,1,,,,
Q321000663-2,33,4,1,,,,
Q321000667-1,34,3,1,,,,
Q321000692-2,34,1,1,,,,
Q321000712-1,MTS,1,1,,,,
Q321000717-1,34,3,1,,,,
Q321000725-1,34,3,1,,,,
Q321000726-1,34,3,1,,,,
Q321000729-1,34,3,1,,,,
Q321000732-1,34,4,1,,,,
Q321000737-1,34,2,1,,,,
Q321000737-2,34,2,1,,,,
Q321000737-3,34,2,1,,,,
Q321000737-4,34,2,1,,,,
Q321000737-5,34,2,1,,,,
Q321000737-6,34,2,1,,,,
Q321000737-7,34,2,1,,,,
Q321000742-2,33,7,1,,,,
Q321000754-1,34,4,1,,,,
Q321000754-2,34,3,1,,,,
Q321000767-1,34,7,1,,,,
Q321000767-2,34,3,1,,,,
Q321000767-3,34,3,1,,,,
Q321000776-1,4,4,1,,,,
Q321000788-1,34,7,1,,,,
Q321000788-2,34,7,1,,,,
Q321000788-4,34,3,1,,,,
Q321000796-1,4,3,1,,,,
Q321000805-1,33,4,1,,,,
Q321000805-2,33,4,1,,,,
Q321000806-1,1,1,1,,,,
Q321000814-1,34,5,1,,,,
Q321000845-1,34,6,1,,,,
Q321000886-2,33,6,1,,,,
Q321000893-1,MTS,1,1,,,,
Q321000922-1,MTS,2,1,,,,
Q321000924-1,32,5,1,,,,
Q321000944-1,MTS,1,1,,,,
Q321000945-1,MTS,1,1,,,,
Q321000983-1,2,1,1,,,,
Q321001021-1,31,3,1,,,,
Q321001040-1,34,3,1,,,,
Q321001046-1,31,2,1,,,,
Q321001051-1,33,5,1,,,,
Q321001102-1,34,3,1,,,,
Q321001102-2,34,3,1,,,,
Q321001102-3,34,3,1,,,,
Q321001105-1,34,2,1,,,,
Q321001105-2,34,2,1,,,,
Q321001105-3,34,2,1,,,,
Q321001105-4,34,2,1,,,,
Q321001105-5,34,2,1,,,,
Q321001105-6,34,2,1,,,,
Q321001105-7,34,2,1,,,,
Q321001134-1,2,2,1,,,,
Q321001135-1,34,1,1,,,,
Q321001138-1,2,2,1,,,,
Q321001153-1,31,4,1,,,,
Q321001161-1,33,5,1,,,,
Q321001162-1,33,5,1,,,,
Q321001164-1,34,3,1,,,,
Q321001183-1,4,2,1,,,,
Q321001183-2,4,2,1,,,,
Q321001184-1,34,1,1,,,,
Q321001207-1,4,5,1,,,,
Q321001209-1,4,2,1,,,,
Q321001211-1,34,6,1,,,,
Q321001215-1,33,4,1,,,,
Q321001215-2,33,4,1,,,,
Q321001245-1,MTS,1,1,,,,
Q321001267-1,4,2,1,,,,
Q321001281-1,MTS,2,1,,,,
Q321001292-1,4,1,1,,,,
Q321001336-1,4,2,1,,,,
Q321001336-2,4,2,1,,,,
Q321001359-3,34,3,1,,,,
Q321001369-5,34,1,1,,,,
Q321001369-6,34,1,1,,,,
Q321001373-1,34,3,1,,,,
Q321001388-1,34,3,1,,,,
Q321001405-1,34,7,1,,,,
Q321001405-2,34,1,1,,,,
Q321001405-4,34,3,1,,,,
Q321001450-1,2,3,1,,,,
Q321001465-1,34,7,1,,,,
Q321001476-1,2,3,1,,,,
Q321001477-1,2,3,1,,,,
Q321001478-1,2,3,1,,,,
Q321001479-1,2,3,1,,,,
Q321001480-1,2,3,1,,,,
Q321001496-1,4,2,1,,,,
Q321001499-1,4,1,1,,,,
Q321001501-1,34,3,1,,,,
Q321001501-2,34,3,1,,,,
Q321001501-3,34,3,1,,,,
Q321001503-1,32,4,1,,,,
Q321001504-1,32,4,1,,,,
Q321001530-1,MTS,1,1,,,,
Q321001534-1,34,7,1,,,,
Q321001534-2,34,7,1,,,,
Q321001550-1,2,1,1,,,,
Q321001558-1,MTS,3,1,,,,
Q321001560-1,MTS,2,1,,,,
Q321001564-1,4,8,1,,,,
Q321001579-1,31,2,1,,,,
Q321001592-1,31,5,1,,,,
Q321001607-1,4,3,1,,,,
Q321001615-1,1,1,1,,,,
Q321001623-1,4,2,1,,,,
Q321001623-2,4,2,1,,,,
Q321001685-1,4,2,1,,,,
Q321001719-1,4,5,1,,,,
Q321001722-1,33,1,1,,,,
Q321001762-1,31,1,1,,,,
Q321001762-2,31,1,1,,,,
Q321001818-1,MTS,1,1,,,,
Q321001820-1,MTS,3,1,,,,
Q321001831-1,34,2,1,,,,
Q321001831-2,34,2,1,,,,
Q321001831-3,34,2,1,,,,
Q321001831-4,34,2,1,,,,
Q321001831-5,34,2,1,,,,
Q321001831-6,34,2,1,,,,
Q321001831-7,34,2,1,,,,
Q321001832-1,34,3,1,,,,
Q321001832-2,34,3,1,,,,
Q321001836-1,31,3,1,,,,
Q321001853-1,2,2,1,,,,
Q321001854-1,2,2,1,,,,
Q321001855-1,2,2,1,,,,
Q321001856-1,2,2,1,,,,
Q321001897-1,4,3,1,,,,
Q321001901-1,31,2,1,,,,
Q321001902-1,4,2,1,,,,
Q321001902-2,4,2,1,,,,
Q321001902-3,4,2,1,,,,
Q321001924-1,34,3,1,,,,
Q321001930-1,34,5,1,,,,
Q321001943-1,34,3,1,,,,
Q321001950-1,33,2,1,,,,
Q321001979-2,34,3,2,,,,
Q321001979-3,34,3,2,,,,
Q321001979-4,34,1,2,,,,
Q321001979-5,34,1,2,,,,
Q321001979-6,34,4,2,,,,
Q321001979-7,34,3,2,,,,
Q321002020-1,34,3,2,,,,
Q321002031-1,MTS,2,2,,,,
Q321002033-1,34,3,2,,,,
Q321002081-1,34,3,2,,,,
Q321002094-1,34,3,2,,,,
Q321002120-1,34,3,2,,,,
Q321002120-2,34,3,2,,,,
Q321002120-3,34,1,2,,,,
Q321002120-4,34,1,2,,,,
Q321002120-5,34,1,2,,,,
Q321002120-6,34,3,2,,,,
Q321002122-1,34,3,2,,,,
Q321002128-1,34,3,2,,,,
Q321002132-1,32,5,2,,,,
Q321002158-1,2,1,2,,,,
Q321002173-1,4,2,2,,,,
Q321002179-1,32,4,2,,,,
Q321002194-1,MTS,1,2,,,,
Q321002229-1,4,4,2,,,,
Q321002253-1,34,7,2,,,,
Q321002254-2,4,2,2,,,,
Q321002264-1,34,7,2,,,,
Q321002283-1,4,1,2,,,,
Q321002302-1,34,1,2,,,,
Q321002304-1,4,2,2,,,,
Q321002304-2,4,2,2,,,,
Q321002340-1,MTS,3,2,,,,
Q321002363-1,34,3,2,,,,
Q321002363-2,34,1,2,,,,
Q321002384-1,32,4,2,,,,
Q321002385-1,32,4,2,,,,
Q321002386-1,32,4,2,,,,
Q321002387-1,32,4,2,,,,
Q321002388-1,32,4,2,,,,
Q321002389-1,32,4,2,,,,
Q321002390-1,32,4,2,,,,
Q321002391-1,32,4,2,,,,
Q321002392-1,32,4,2,,,,
Q321002393-1,32,4,2,,,,
Q321002396-1,31,2,2,,,,
Q321002396-2,31,2,2,,,,
Q321002403-1,4,5,2,,,,
Q321002411-1,1,1,2,,,,
Q321002426-2,34,6,2,,,,
Q321002445-1,34,5,2,,,,
Q321002450-2,34,3,2,,,,
Q321002450-3,34,3,2,,,,
Q321002513-1,33,5,2,,,,
Q321002516-1,34,3,2,,,,
Q321002516-2,34,3,2,,,,
Q321002544-1,4,2,2,,,,
Q321002558-1,33,4,2,,,,
Q321002558-2,33,4,2,,,,
Q321002566-1,31,3,2,,,,
Q321002571-1,31,2,2,,,,
Q321002571-2,31,4,2,,,,
Q321002599-1,MTS,4,2,,,,
Q321002602-1,MTS,2,2,,,,
Q321002629-1,34,2,2,,,,
Q321002629-2,34,2,2,,,,
Q321002629-3,34,2,2,,,,
Q321002629-4,34,2,2,,,,
Q321002629-5,34,2,2,,,,
Q321002629-6,34,2,2,,,,
Q321002631-1,33,1,2,,,,
Q321002676-1,34,3,2,,,,
Q321002701-1,31,1,2,,,,
Q321002701-2,31,1,2,,,,
Q321002702-2,MTS,1,2,,,,
Q321002721-1,34,1,2,,,,
Q321002739-1,34,3,2,,,,
Q321002739-2,34,4,2,,,,
Q321002739-3,34,3,2,,,,
Q321002739-4,34,1,2,,,,
Q321002739-5,34,3,2,,,,
Q321002754-1,34,3,2,,,,
Q321002768-1,34,4,2,,,,
Q321002769-1,34,1,2,,,,
Q321002769-2,34,1,2,,,,
Q321002769-3,34,3,2,,,,
Q321002803-1,34,3,2,,,,
Q321002803-2,34,3,2,,,,
Q321002803-4,34,3,2,,,,
Q321002803-5,34,3,2,,,,
Q321002803-6,34,1,2,,,,
Q321002803-7,34,3,2,,,,
Q321002803-8,34,3,2,,,,
Q321002805-1,31,1,2,,,,
Q321002809-1,34,3,2,,,,
Q321002840-1,34,3,2,,,,
Q321002856-1,MTS,1,2,,,,
Q321002950-1,MTS,1,2,,,,
Q321002966-1,34,7,2,,,,
Q321002966-2,34,3,2,,,,
Q321002971-1,31,5,2,,,,
Q321002993-1,34,5,2,,,,
Q321003013-1,34,3,2,,,,
Q321003013-2,34,1,2,,,,
Q321003013-3,34,3,2,,,,
Q321003013-4,34,3,2,,,,
Q321003013-5,34,3,2,,,,
Q321003029-1,4,2,2,,,,
Q321003032-1,4,1,2,,,,
Q321003038-1,1,1,2,,,,
Q321003041-1,MTS,2,2,,,,
Q321003042-1,MTS,2,2,,,,
Q321003045-1,34,3,2,,,,
Q321003046-1,34,3,2,,,,
Q321003047-1,34,3,2,,,,
Q321003048-1,34,3,2,,,,
Q321003049-1,34,3,2,,,,
Q321003050-1,34,3,2,,,,
Q321003051-1,34,3,2,,,,
Q321003052-1,34,3,2,,,,
Q321003054-1,34,3,2,,,,
Q321003055-1,34,3,2,,,,
Q321003123-1,4,1,2,,,,
Q321003131-1,32,7,2,,,,
Q321003137-1,32,7,2,,,,
Q321003138-1,32,7,2,,,,
Q321003139-1,32,7,2,,,,
Q321003145-1,MTS,1,2,,,,
Q321003149-1,4,1,2,,,,
Q321003200-1,34,7,2,,,,
Q321003225-1,34,1,2,,,,
Q321003227-1,34,7,2,,,,
Q321003260-1,34,3,2,,,,
Q321003260-2,34,8,2,,,,
Q321003262-1,31,1,2,,,,
Q321003264-1,4,1,2,,,,
Q321003268-1,34,3,2,,,,
Q321003298-1,33,4,2,,,,
Q321003298-3,33,2,2,,,,
Q321003311-1,34,3,2,,,,
Q321003315-1,34,1,2,,,,
Q321003316-1,34,2,2,,,,
Q321003316-2,34,2,2,,,,
Q321003316-3,34,2,2,,,,
Q321003316-4,34,2,2,,,,
Q321003316-5,34,2,2,,,,
Q321003316-6,34,2,2,,,,
Q321003316-7,34,2,2,,,,
Q321003319-1,34,1,2,,,,
Q321003319-2,34,1,2,,,,
Q321003319-3,34,1,2,,,,
Q321003321-1,4,8,2,,,,
Q321003331-1,32,5,2,,,,
Q321003341-1,4,1,2,,,,
Q321003341-2,4,1,2,,,,
Q321003351-1,MTS,1,2,,,,
Q321003362-1,32,5,2,,,,
Q321003362-2,32,5,2,,,,
Q321003378-1,1,2,2,,,,
Q321003397-1,34,6,2,,,,
Q321003397-2,34,6,2,,,,
Q321003399-1,MTS,3,2,,,,
Q321003429-1,34,1,2,,,,
Q321003431-1,34,4,2,,,,
Q321003431-2,34,1,2,,,,
Q321003431-3,34,1,2,,,,
Q321003431-4,34,1,2,,,,
Q321003431-6,34,3,2,,,,
Q321003431-7,34,1,2,,,,
Q321003436-1,4,8,2,,,,
Q321003445-1,31,1,2,,,,
Q321003460-1,31,5,2,,,,
Q321003464-1,2,1,2,,,,
Q321003489-1,34,3,2,,,,
Q321003490-1,31,2,2,,,,
Q321003490-2,31,2,2,,,,
Q321003490-4,31,2,2,,,,
Q321003490-5,31,2,2,,,,
Q321003490-6,31,2,2,,,,
Q321003490-8,31,2,2,,,,
Q321003501-1,34,6,2,,,,
Q321003507-1,32,5,2,,,,
Q321003517-1,34,6,2,,,,
Q321003518-1,34,7,2,,,,
Q321003524-1,34,1,2,,,,
Q321003524-2,34,3,2,,,,
Q321003530-1,34,1,2,,,,
Q321003548-1,4,4,2,,,,
Q321003549-1,4,3,2,,,,
Q321003550-1,4,3,2,,,,
Q321003560-2,MTS,1,2,,,,
Q321003564-1,4,4,2,,,,
Q321003565-1,4,3,2,,,,
Q321003584-1,31,6,2,,,,
Q321003585-1,31,3,2,,,,
Q321003591-1,34,5,2,,,,
Q321003599-1,34,1,2,,,,
Q321003609-1,4,5,2,,,,
Q321003628-1,1,1,2,,,,
Q321003630-1,4,2,2,,,,
Q321003642-1,MTS,1,2,,,,
Q321003726-1,31,6,2,,,,
Q321003729-1,31,6,2,,,,
Q321003730-1,31,6,2,,,,
Q321003731-1,31,6,2,,,,
Q321003732-1,31,6,2,,,,
Q321003733-1,31,6,2,,,,
Q321003738-1,34,8,2,,,,
Q321003738-2,34,8,2,,,,
Q321003738-3,34,6,2,,,,
Q321003774-1,MTS,2,2,,,,
Q321003866-1,34,2,2,,,,
Q321003866-2,34,2,2,,,,
Q321003866-3,34,2,2,,,,
Q321003866-4,34,2,2,,,,
Q321003866-5,34,2,2,,,,
Q321003866-6,34,2,2,,,,
Q321003866-7,34,2,2,,,,
Q321003876-1,34,3,2,,,,
Q321003876-4,34,3,2,,,,
Q321003876-5,34,3,2,,,,
Q321003876-6,34,1,2,,,,
Q321003879-1,34,3,2,,,,
Q321003879-2,34,3,2,,,,
Q321003879-3,34,3,2,,,,
Q321003885-1,34,3,2,,,,
Q321003885-2,34,3,2,,,,
Q321003906-1,34,7,2,,,,
Q321003907-1,34,1,2,,,,
Q321003912-1,31,5,2,,,,
Q321003931-1,MTS,1,2,,,,
Q321003932-1,34,3,2,,,,
Q321003957-1,34,1,2,,,,
Q321003961-1,31,7,2,,,,
Q321003964-1,34,1,2,,,,
Q321003964-2,34,1,2,,,,
Q321003984-1,34,7,2,,,,
Q321003984-2,34,7,2,,,,
Q321004000-1,MTS,3,2,,,,
Q321004005-1,MTS,3,2,,,,
Q321004006-1,4,2,2,,,,
Q321004007-1,MTS,3,2,,,,
Q321004009-1,34,3,2,,,,
Q321004010-1,4,4,2,,,,
Q321004030-1,34,1,2,,,,
Q321004051-1,34,1,2,,,,
Q321004052-1,34,1,2,,,,
Q321004053-1,34,1,2,,,,
Q321004054-1,34,1,2,,,,
Q321004055-1,34,1,2,,,,
Q321004056-1,34,1,2,,,,
Q321004057-1,34,1,2,,,,
Q321004058-1,34,1,2,,,,
Q321004059-1,31,4,2,,,,
Q321004064-1,31,2,2,,,,
Q321004068-1,34,1,2,,,,
Q321004068-2,34,1,2,,,,
Q321004114-1,4,2,3,,,,
Q321004123-1,4,1,3,,,,
Q321004125-1,4,5,3,,,,
Q321004130-1,4,1,3,,,,
Q321004131-1,4,1,3,,,,
Q321004131-2,4,1,3,,,,
Q321004155-1,4,9,3,,,,
Q321004173-1,34,3,3,,,,
Q321004173-2,34,3,3,,,,
Q321004173-3,34,3,3,,,,
Q321004173-4,34,3,3,,,,
Q321004197-1,2,2,3,,,,
Q321004197-2,2,2,3,,,,
Q321004198-1,33,2,3,,,,
Q321004204-1,34,1,3,,,,
Q321004204-2,34,1,3,,,,
Q321004204-3,34,1,3,,,,
Q321004221-1,MTS,4,3,,,,
Q321004233-1,34,7,3,,,,
Q321004247-1,33,2,3,,,,
Q321004289-1,34,7,3,,,,
Q321004289-2,34,7,3,,,,
Q321004293-1,4,9,3,,,,
Q321004294-1,31,2,3,,,,
Q321004294-2,31,2,3,,,,
Q321004298-1,1,2,3,,,,
Q321004300-1,MTS,1,3,,,,
Q321004302-3,34,1,3,,,,
Q321004303-1,31,1,3,,,,
Q321004308-1,31,1,3,,,,
Q321004308-2,31,1,3,,,,
Q321004356-1,MTS,2,3,,,,
Q321004361-1,4,2,3,,,,
Q321004378-1,4,2,3,,,,
Q321004384-1,4,4,3,,,,
Q321004397-1,4,3,3,,,,
Q321004406-1,4,1,3,,,,
Q321004408-1,34,3,3,,,,
Q321004420-1,2,1,3,,,,
Q321004422-1,2,1,3,,,,
Q321004446-1,33,1,3,,,,
Q321004446-2,33,1,3,,,,
Q321004448-1,MTS,2,3,,,,
Q321004460-1,34,1,3,,,,
Q321004463-1,34,3,3,,,,
Q321004464-1,4,2,3,,,,
Q321004465-1,4,2,3,,,,
Q321004466-1,4,1,3,,,,
Q321004467-1,4,1,3,,,,
Q321004482-1,34,3,3,,,,
Q321004492-1,MTS,1,3,,,,
Q321004511-2,34,3,3,,,,
Q321004511-3,34,4,3,,,,
Q321004523-1,33,4,3,,,,
Q321004523-2,33,4,3,,,,
Q321004523-3,33,2,3,,,,
Q321004534-1,4,5,3,,,,
Q321004535-1,4,1,3,,,,
Q321004542-1,4,4,3,,,,
Q321004545-1,34,7,3,,,,
Q321004552-1,1,1,3,,,,
Q321004567-1,31,4,3,,,,
Q321004568-1,4,4,3,,,,
Q321004570-1,4,5,3,,,,
Q321004571-1,4,5,3,,,,
Q321004572-1,4,5,3,,,,
Q321004573-1,4,5,3,,,,
Q321004574-1,4,5,3,,,,
Q321004575-1,4,5,3,,,,
Q321004576-1,4,5,3,,,,
Q321004577-1,4,5,3,,,,
Q321004578-1,4,5,3,,,,
Q321004579-1,4,5,3,,,,
Q321004580-1,4,5,3,,,,
Q321004581-1,4,5,3,,,,
Q321004609-1,34,3,3,,,,
Q321004609-2,34,1,3,,,,
Q321004631-1,32,3,3,,,,
Q321004646-1,4,1,3,,,,
Q321004646-2,4,1,3,,,,
Q321004653-1,2,1,3,,,,
Q321004660-1,2,2,3,,,,
Q321004671-1,4,8,3,,,,
Q321004673-1,34,3,3,,,,
Q321004681-1,2,2,3,,,,
Q321004689-5,34,3,3,,,,
Q321004689-6,34,3,3,,,,
Q321004689-8,34,4,3,,,,
Q321004689-9,34,1,3,,,,
Q321004707-1,MTS,2,3,,,,
Q321004709-1,MTS,2,3,,,,
Q321004716-1,31,5,3,,,,
Q321004725-1,4,2,3,,,,
Q321004730-1,32,3,3,,,,
Q321004733-1,34,3,3,,,,
Q321004733-4,34,1,3,,,,
Q321004744-1,34,7,3,,,,
Q321004744-2,34,7,3,,,,
Q321004748-1,34,6,3,,,,
Q321004760-1,34,1,3,,,,
Q321004777-1,34,1,3,,,,
Q321004779-1,1,2,3,,,,
Q321004792-1,MTS,3,3,,,,
Q321004797-1,4,2,3,,,,
Q321004807-1,34,3,3,,,,
Q321004810-1,34,2,3,,,,
Q321004810-2,34,2,3,,,,
Q321004810-3,34,2,3,,,,
Q321004810-4,34,2,3,,,,
Q321004810-5,34,2,3,,,,
Q321004810-6,34,2,3,,,,
Q321004810-7,34,2,3,,,,
Q321004818-1,33,2,3,,,,
Q321004834-1,MTS,1,3,,,,
Q321004839-1,32,1,3,,,,
Q321004850-1,34,1,3,,,,
Q321004851-1,4,2,3,,,,
Q321004853-1,34,4,3,,,,
Q321004862-1,33,3,3,,,,
Q321004875-1,4,8,3,,,,
Q321004876-1,4,9,3,,,,
Q321004883-1,33,3,3,,,,
Q321004887-1,33,3,3,,,,
Q321004916-1,32,7,3,,,,
Q321004925-1,1,1,3,,,,
Q321004959-1,MTS,4,3,,,,
Q321004970-1,32,1,3,,,,
Q321004971-1,32,1,3,,,,
Q321004972-1,32,1,3,,,,
Q321004973-1,32,1,3,,,,
Q321004974-1,32,1,3,,,,
Q321004975-1,32,1,3,,,,
Q321004976-1,32,1,3,,,,
Q321004977-1,32,1,3,,,,
Q321004978-1,32,1,3,,,,
Q321004979-1,32,1,3,,,,
Q321004986-1,4,3,3,,,,
Q321004990-1,33,1,3,,,,
Q321004990-2,33,1,3,,,,
Q321004990-3,33,7,3,,,,
Q321004994-1,MTS,1,3,,,,
Q321004999-1,31,1,3,,,,
Q321005016-1,34,3,3,,,,
Q321005038-1,MTS,1,3,,,,
Q321005052-1,4,8,3,,,,
Q321005062-2,31,2,3,,,,
Q321005088-1,33,3,3,,,,
Q321005099-1,34,7,3,,,,
Q321005128-1,2,2,3,,,,
Q321005130-1,2,2,3,,,,
Q321005147-1,2,3,3,,,,
Q321005154-1,32,6,3,,,,
Q321005169-1,2,2,3,,,,
Q321005170-1,2,2,3,,,,
Q321005171-1,2,2,3,,,,
Q321005172-1,2,2,3,,,,
Q321005173-1,2,2,3,,,,
Q321005176-1,4,9,3,,,,
Q321005177-1,MTS,1,3,,,,
Q321005184-1,33,2,3,,,,
Q321005209-1,2,1,3,,,,
Q321005210-1,2,2,3,,,,
Q321005211-1,2,2,3,,,,
Q321005212-1,2,2,3,,,,
Q321005213-1,2,2,3,,,,
Q321005214-1,2,2,3,,,,
Q321005220-1,2,3,3,,,,
Q321005227-1,34,3,3,,,,
Q321005268-1,4,1,3,,,,
Q321005270-1,4,1,3,,,,
Q321005270-2,4,1,3,,,,
Q321005286-1,MTS,1,3,,,,
Q321005292-1,34,1,3,,,,
Q321005292-2,34,3,3,,,,
Q321005292-5,34,1,3,,,,
Q321005292-6,34,1,3,,,,
Q321005295-2,34,3,3,,,,
Q321005295-3,34,1,3,,,,
Q321005295-4,34,3,3,,,,
Q321005298-1,33,3,3,,,,
Q321005304-1,MTS,4,3,,,,
Q321005327-1,34,1,3,,,,
Q321005331-1,31,5,3,,,,
Q321005356-1,4,1,3,,,,
Q321005367-1,34,7,3,,,,
Q321005374-1,32,3,3,,,,
Q321005382-1,31,1,3,,,,
Q321005387-1,31,1,3,,,,
Q321005395-1,34,7,3,,,,
Q321005403-1,4,4,3,,,,
Q321005404-1,34,1,3,,,,
Q321005407-1,4,3,3,,,,
Q321005418-1,1,2,3,,,,
Q321005455-1,34,3,3,,,,
Q321005486-1,32,9,3,,,,
Q321005488-1,32,9,3,,,,
Q321005489-1,32,9,3,,,,
Q321005490-1,32,9,3,,,,
Q321005497-1,4,2,3,,,,
Q321005509-1,31,1,3,,,,
Q321005509-2,31,1,3,,,,
Q321005509-3,31,1,3,,,,
Q321005534-1,34,7,3,,,,
Q321005551-1,1,1,3,,,,
Q321005573-1,31,2,3,,,,
Q321005573-2,31,2,3,,,,
Q321005619-1,34,7,3,,,,
Q321005626-1,MTS,2,3,,,,
Q321005639-1,32,11,3,,,,
Q321005654-1,MTS,3,3,,,,
Q321005663-1,33,2,3,,,,
Q321005663-2,33,1,3,,,,
Q321005663-3,33,1,3,,,,
Q321005663-4,33,2,3,,,,
Q321005676-1,4,9,3,,,,
Q321005710-1,MTS,1,3,,,,
Q321005759-1,32,5,3,,,,
Q321005793-1,34,2,3,,,,
Q321005793-2,34,2,3,,,,
Q321005793-3,34,2,3,,,,
Q321005793-4,34,2,3,,,,
Q321005793-5,34,2,3,,,,
Q321005793-6,34,2,3,,,,
Q321005795-1,4,3,3,,,,
Q321005803-1,4,1,3,,,,
Q321005803-2,4,1,3,,,,
Q321005831-2,31,1,3,,,,
Q321005839-1,34,2,3,,,,
Q321005857-1,34,1,3,,,,
Q321005857-2,34,4,3,,,,
Q321005858-1,1,2,3,,,,
Q321005860-1,32,1,3,,,,
Q321005909-1,32,1,3,,,,
Q321005910-1,32,1,3,,,,
Q321005911-1,32,1,3,,,,
Q321005912-1,32,1,3,,,,
Q321005913-1,32,1,3,,,,
Q321005914-1,32,1,3,,,,
Q321005915-1,32,1,3,,,,
Q321005916-1,32,1,3,,,,
Q321005922-1,31,5,3,,,,
Q321005936-1,34,3,3,,,,
Q321005961-1,33,2,3,,,,
Q321005964-1,33,3,3,,,,
Q321005966-1,4,8,3,,,,
Q321005967-1,32,6,3,,,,
Q321005975-1,31,1,3,,,,
Q321005979-1,32,11,3,,,,
Q321005981-1,31,6,3,,,,
Q321005982-1,34,6,3,,,,
Q321005986-1,MTS,3,3,,,,
Q321005988-1,4,2,3,,,,
Q321006001-1,4,4,3,,,,
Q321006002-1,31,6,3,,,,
Q321006003-1,31,6,3,,,,
Q321006004-1,31,6,3,,,,
Q321006005-1,31,6,3,,,,
Q321006006-1,31,6,3,,,,
Q321006007-1,31,6,3,,,,
Q321006008-1,31,6,3,,,,
Q321006009-1,31,6,3,,,,
Q321006010-1,31,6,3,,,,
Q321006011-1,31,6,3,,,,
Q321006012-1,31,6,3,,,,
Q321006013-1,4,4,3,,,,
Q321006015-10,34,3,3,,,,
Q321006015-4,34,3,3,,,,
Q321006015-5,34,3,3,,,,
Q321006015-6,34,3,3,,,,
Q321006015-7,34,1,3,,,,
Q321006015-8,34,1,3,,,,
Q321006015-9,34,3,3,,,,
Q321006033-1,1,1,3,,,,
Q321006035-1,34,7,3,,,,
Q321006038-1,2,3,3,,,,
Q321006039-1,MTS,1,3,,,,
Q321006043-1,4,4,3,,,,
Q321006063-1,34,3,3,,,,
Q321006070-1,2,3,3,,,,
Q321006071-1,2,3,3,,,,
Q321006072-1,2,3,3,,,,
Q321006073-1,2,3,3,,,,
Q321006075-2,34,1,3,,,,
Q321006086-1,MTS,2,3,,,,
Q321006089-1,1,2,3,,,,
Q321006097-1,33,2,3,,,,
Q321006126-1,31,1,3,,,,
Q321006126-2,31,1,3,,,,
Q321006126-3,31,1,3,,,,
Q321006151-1,MTS,3,3,,,,
Q321006217-1,32,3,3,,,,
Q321006224-1,MTS,2,3,,,,
Q321006225-1,MTS,2,3,,,,
Q321006229-1,MTS,4,3,,,,
Q321006248-1,34,2,3,,,,
Q321006249-1,4,2,3,,,,
Q321006250-1,34,2,3,,,,
Q321006250-2,34,2,3,,,,
Q321006250-3,34,2,3,,,,
Q321006250-4,34,2,3,,,,
Q321006250-5,34,2,3,,,,
Q321006251-1,4,1,3,,,,
Q321006254-1,4,1,3,,,,
Q321006257-1,4,1,3,,,,
Q321006260-1,4,1,3,,,,
Q321006285-1,4,7,4,,,,
Q321006285-2,4,7,4,,,,
Q321006315-1,32,11,4,,,,
Q321006322-1,4,2,4,,,,
Q321006333-1,32,9,4,,,,
Q321006347-1,31,5,4,,,,
Q321006351-1,31,4,4,,,,
Q321006352-1,31,4,4,,,,
Q321006353-1,31,4,4,,,,
Q321006354-1,31,4,4,,,,
Q321006355-1,31,4,4,,,,
Q321006356-1,31,4,4,,,,
Q321006357-1,31,4,4,,,,
Q321006358-1,31,4,4,,,,
Q321006359-1,31,4,4,,,,
Q321006360-1,31,4,4,,,,
Q321006361-1,4,7,4,,,,
Q321006361-2,4,7,4,,,,
Q321006384-1,MTS,3,4,,,,
Q321006421-1,32,10,4,,,,
Q321006422-1,2,1,4,,,,
Q321006426-1,33,1,4,,,,
Q321006426-2,33,1,4,,,,
Q321006426-3,33,7,4,,,,
Q321006426-4,33,7,4,,,,
Q321006440-1,MTS,3,4,,,,
Q321006445-1,MTS,1,4,,,,
Q321006453-1,4,1,4,,,,
Q321006454-1,4,1,4,,,,
Q321006455-1,4,1,4,,,,
Q321006458-1,4,1,4,,,,
Q321006459-1,4,1,4,,,,
Q321006460-1,4,1,4,,,,
Q321006461-1,4,1,4,,,,
Q321006462-1,4,1,4,,,,
Q321006463-1,4,1,4,,,,
Q321006464-1,4,2,4,,,,
Q321006465-1,4,2,4,,,,
Q321006466-1,4,2,4,,,,
Q321006481-1,MTS,2,4,,,,
Q321006482-1,MTS,2,4,,,,
Q321006514-1,4,2,4,,,,
Q321006516-1,31,2,4,,,,
Q321006523-1,33,3,4,,,,
Q321006531-1,MTS,4,4,,,,
Q321006534-1,34,7,4,,,,
Q321006567-1,MTS,1,4,,,,
Q321006572-1,4,3,4,,,,
Q321006577-1,33,6,4,,,,
Q321006577-2,33,6,4,,,,
Q321006610-1,34,6,4,,,,
Q321006626-1,4,4,4,,,,
Q321006655-1,31,5,4,,,,
Q321006660-1,34,1,4,,,,
Q321006660-2,34,1,4,,,,
Q321006681-1,1,1,4,,,,
Q321006696-1,MTS,1,4,,,,
Q321006697-1,34,4,4,,,,
Q321006698-10,34,1,4,,,,
Q321006698-11,34,4,4,,,,
Q321006698-3,34,3,4,,,,
Q321006698-5,34,1,4,,,,
Q321006698-7,34,3,4,,,,
Q321006698-8,34,3,4,,,,
Q321006698-9,34,1,4,,,,
Q321006718-1,31,1,4,,,,
Q321006718-2,31,1,4,,,,
Q321006724-1,1,2,4,,,,
Q321006756-1,4,4,4,,,,
Q321006761-1,32,3,4,,,,
Q321006763-1,32,11,4,,,,
Q321006790-1,MTS,1,4,,,,
Q321006844-1,4,4,4,,,,
Q321006852-1,34,7,4,,,,
Q321006862-1,32,6,4,,,,
Q321006867-1,34,3,4,,,,
Q321006872-1,33,7,4,,,,
Q321006874-1,32,10,4,,,,
Q321006882-2,33,2,4,,,,
Q321006883-2,MTS,1,4,,,,
Q321006887-1,34,1,4,,,,
Q321006900-2,34,3,4,,,,
Q321006914-1,31,2,4,,,,
Q321006914-2,31,2,4,,,,
Q321006921-1,34,1,4,,,,
Q321006928-1,34,3,4,,,,
Q321006934-1,32,10,4,,,,
Q321006935-1,32,10,4,,,,
Q321006936-1,32,10,4,,,,
Q321006937-1,32,10,4,,,,
Q321006938-1,32,10,4,,,,
Q321006939-1,32,10,4,,,,
Q321006940-1,32,10,4,,,,
Q321006941-1,32,10,4,,,,
Q321006942-1,32,10,4,,,,
Q321006943-1,32,10,4,,,,
Q321006944-1,32,10,4,,,,
Q321006945-1,32,10,4,,,,
Q321006946-1,34,1,4,,,,
Q321006963-1,32,8,4,,,,
Q321006965-1,34,2,4,,,,
Q321006966-1,34,2,4,,,,
Q321006966-2,34,2,4,,,,
Q321006966-3,34,2,4,,,,
Q321006966-4,34,2,4,,,,
Q321006966-5,34,2,4,,,,
Q321006966-6,34,2,4,,,,
Q321006966-8,34,2,4,,,,
Q321006968-1,4,4,4,,,,
Q321006973-1,4,2,4,,,,
Q321006980-1,32,8,4,,,,
Q321006982-1,33,1,4,,,,
Q321006982-2,33,1,4,,,,
Q321007060-1,1,1,4,,,,
Q321007081-1,4,2,4,,,,
Q321007090-1,34,3,4,,,,
Q321007092-1,4,1,4,,,,
Q321007094-2,31,1,4,,,,
Q321007094-3,31,1,4,,,,
Q321007098-1,33,6,4,,,,
Q321007098-2,33,6,4,,,,
Q321007099-1,33,3,4,,,,
Q321007101-10,34,3,4,,,,
Q321007101-4,34,4,4,,,,
Q321007101-5,34,3,4,,,,
Q321007101-6,34,3,4,,,,
Q321007101-7,34,1,4,,,,
Q321007101-8,34,1,4,,,,
Q321007101-9,34,3,4,,,,
Q321007118-1,34,3,4,,,,
Q321007118-2,34,1,4,,,,
Q321007187-1,MTS,2,4,,,,
Q321007198-1,2,1,4,,,,
Q321007199-1,33,2,4,,,,
Q321007208-1,31,5,4,,,,
Q321007211-1,4,4,4,,,,
Q321007215-1,33,4,4,,,,
Q321007215-2,33,4,4,,,,
Q321007215-3,33,4,4,,,,
Q321007218-1,2,1,4,,,,
Q321007219-1,4,8,4,,,,
Q321007242-1,32,5,4,,,,
Q321007254-1,1,2,4,,,,
Q321007267-1,34,6,4,,,,
Q321007282-1,34,1,4,,,,
Q321007302-1,4,1,4,,,,
Q321007310-1,33,1,4,,,,
Q321007310-2,33,1,4,,,,
Q321007312-1,33,6,4,,,,
Q321007312-2,33,6,4,,,,
Q321007319-1,32,5,4,,,,
Q321007335-1,4,3,4,,,,
Q321007341-1,4,3,4,,,,
Q321007389-2,34,1,4,,,,
Q321007395-1,4,1,4,,,,
Q321007396-1,4,1,4,,,,
Q321007398-1,34,4,4,,,,
Q321007408-1,MTS,3,4,,,,
Q321007517-1,4,8,4,,,,
Q321007533-1,32,11,4,,,,
Q321007537-1,34,3,4,,,,
Q321007541-1,32,3,4,,,,
Q321007552-1,34,1,4,,,,
Q321007553-1,4,4,4,,,,
Q321007559-1,4,2,4,,,,
Q321007582-1,4,6,4,,,,
Q321007585-1,33,6,4,,,,
Q321007585-2,33,2,4,,,,
Q321007589-2,31,2,4,,,,
Q321007656-1,4,2,4,,,,
Q321007661-2,31,1,4,,,,
Q321007690-1,1,2,4,,,,
Q321007712-1,34,2,4,,,,
Q321007712-2,34,2,4,,,,
Q321007712-3,34,2,4,,,,
Q321007712-4,34,2,4,,,,
Q321007712-5,34,2,4,,,,
Q321007712-6,34,2,4,,,,
Q321007712-9,34,2,4,,,,
Q321007725-1,34,2,4,,,,
Q321007738-1,34,7,4,,,,
Q321007741-1,MTS,1,4,,,,
Q321007749-1,MTS,2,4,,,,
Q321007753-1,MTS,2,4,,,,
Q321007756-1,4,3,4,,,,
Q321007763-1,32,5,4,,,,
Q321007773-1,33,6,4,,,,
Q321007773-2,33,6,4,,,,
Q321007814-1,33,3,4,,,,
Q321007829-1,33,4,4,,,,
Q321007829-2,33,4,4,,,,
Q321007829-3,33,4,4,,,,
Q321007829-4,33,2,4,,,,
Q321007910-6,34,3,4,,,,
Q321007910-7,34,3,4,,,,
Q321007910-8,34,1,4,,,,
Q321007927-1,34,2,4,,,,
Q321007927-2,34,2,4,,,,
Q321007927-3,34,2,4,,,,
Q321007927-4,34,2,4,,,,
Q321007927-5,34,2,4,,,,
Q321007927-8,34,2,4,,,,
Q321007945-1,MTS,2,4,,,,
Q321007947-1,31,5,4,,,,
Q321007956-1,33,7,4,,,,
Q321007981-1,34,3,4,,,,
Q321007985-1,31,3,4,,,,
Q321007985-2,31,3,4,,,,
Q321008004-1,31,9,4,,,,
Q321008008-1,4,6,4,,,,
Q321008051-1,2,1,4,,,,
Q321008076-1,1,1,4,,,,
Q321008162-1,31,9,5,,,,
Q321008166-1,1,2,5,,,,
Q321008203-2,31,2,5,,,,
Q321008204-1,4,2,5,,,,
Q321008260-1,4,3,5,,,,
Q321008277-1,4,3,5,,,,
Q321008278-1,34,3,5,,,,
Q321008279-1,4,3,5,,,,
Q321008296-1,34,1,5,,,,
Q321008296-2,34,1,5,,,,
Q321008299-1,4,2,5,,,,
Q321008306-1,4,4,5,,,,
Q321008341-1,MTS,1,5,,,,
Q321008348-1,34,1,5,,,,
Q321008362-1,34,1,5,,,,
Q321008366-1,1,1,5,,,,
Q321008367-1,34,4,5,,,,
Q321008388-1,4,2,5,,,,
Q321008389-1,4,1,5,,,,
Q321008390-1,4,1,5,,,,
Q321008391-1,4,1,5,,,,
Q321008395-1,4,6,5,,,,
Q321008396-1,4,2,5,,,,
Q321008397-1,4,2,5,,,,
Q321008398-1,34,3,5,,,,
Q321008400-2,31,2,5,,,,
Q321008409-1,2,1,5,,,,
Q321008457-1,4,3,5,,,,
Q321008468-1,33,4,5,,,,
Q321008468-2,33,4,5,,,,
Q321008477-1,4,1,5,,,,
Q321008478-1,4,1,5,,,,
Q321008479-1,4,1,5,,,,
Q321008480-1,4,1,5,,,,
Q321008481-1,4,1,5,,,,
Q321008482-1,4,1,5,,,,
Q321008483-1,4,1,5,,,,
Q321008484-1,4,1,5,,,,
Q321008485-1,4,1,5,,,,
Q321008486-1,4,1,5,,,,
Q321008487-1,4,1,5,,,,
Q321008488-1,4,1,5,,,,
Q321008489-1,4,1,5,,,,
Q321008490-1,4,1,5,,,,
Q321008491-1,4,1,5,,,,
Q321008492-1,4,2,5,,,,
Q321008493-1,4,2,5,,,,
Q321008494-1,4,2,5,,,,
Q321008495-1,4,2,5,,,,
Q321008496-1,4,2,5,,,,
Q321008497-1,4,6,5,,,,
Q321008498-1,4,6,5,,,,
Q321008499-1,4,6,5,,,,
Q321008500-1,4,6,5,,,,
Q321008501-1,4,6,5,,,,
Q321008517-1,34,2,5,,,,
Q321008517-2,34,2,5,,,,
Q321008517-3,34,2,5,,,,
Q321008517-4,34,2,5,,,,
Q321008517-5,34,2,5,,,,
Q321008517-8,34,2,5,,,,
Q321008521-1,34,2,5,,,,
Q321008553-1,31,5,5,,,,
Q321008563-1,34,3,5,,,,
Q321008566-1,4,4,5,,,,
Q321008569-1,34,1,5,,,,
Q321008582-1,33,1,5,,,,
Q321008585-1,34,1,5,,,,
Q321008586-1,33,3,5,,,,
Q321008624-1,33,1,5,,,,
Q321008624-2,33,1,5,,,,
Q321008659-1,32,6,5,,,,
Q321008661-1,32,6,5,,,,
Q321008681-1,32,11,5,,,,
Q321008721-1,31,3,5,,,,
Q321008726-1,31,9,5,,,,
Q321008727-1,31,9,5,,,,
Q321008728-1,31,9,5,,,,
Q321008729-1,31,9,5,,,,
Q321008730-1,31,9,5,,,,
Q321008731-1,31,9,5,,,,
Q321008732-1,31,9,5,,,,
Q321008733-1,31,9,5,,,,
Q321008734-1,31,9,5,,,,
Q321008735-1,31,9,5,,,,
Q321008736-1,31,9,5,,,,
Q321008737-1,31,9,5,,,,
Q321008744-1,34,4,5,,,,
Q321008744-4,34,3,5,,,,
Q321008744-6,34,3,5,,,,
Q321008746-1,MTS,1,5,,,,
Q321008763-1,31,1,5,,,,
Q321008763-3,31,1,5,,,,
Q321008772-1,34,7,5,,,,
Q321008778-1,32,3,5,,,,
Q321008781-1,MTS,2,5,,,,
Q321008789-1,MTS,2,5,,,,
Q321008800-1,34,1,5,,,,
Q321008800-2,34,1,5,,,,
Q321008801-1,4,2,5,,,,
Q321008813-1,33,2,5,,,,
Q321008815-1,34,2,5,,,,
Q321008816-1,34,2,5,,,,
Q321008816-2,34,2,5,,,,
Q321008816-3,34,2,5,,,,
Q321008816-4,34,2,5,,,,
Q321008816-5,34,2,5,,,,
Q321008816-8,34,2,5,,,,
Q321008820-2,33,7,5,,,,
Q321008821-1,4,2,5,,,,
Q321008827-1,34,3,5,,,,
Q321008830-1,34,3,5,,,,
Q321008835-1,32,6,5,,,,
Q321008839-1,32,5,5,,,,
Q321008845-1,34,1,5,,,,
Q321008846-1,1,2,5,,,,
Q321008851-1,34,4,5,,,,
Q321008854-1,4,3,5,,,,
Q321008865-1,2,3,5,,,,
Q321008868-1,34,4,5,,,,
Q321008881-1,2,3,5,,,,
Q321008882-1,2,3,5,,,,
Q321008883-1,2,3,5,,,,
Q321008884-1,2,3,5,,,,
Q321008886-1,33,6,5,,,,
Q321008888-1,4,2,5,,,,
Q321008908-1,32,6,5,,,,
Q321008909-1,32,6,5,,,,
Q321008910-1,32,6,5,,,,
Q321008911-1,32,6,5,,,,
Q321008912-1,32,6,5,,,,
Q321008913-1,32,6,5,,,,
Q321008921-1,2,2,5,,,,
Q321008922-1,2,2,5,,,,
Q321008923-1,33,2,5,,,,
Q321008925-1,34,6,5,,,,
Q321008953-2,31,2,5,,,,
Q321008957-1,2,1,5,,,,
Q321008961-1,2,2,5,,,,
Q321008962-1,2,2,5,,,,
Q321008963-1,2,2,5,,,,
Q321008964-1,2,2,5,,,,
Q321008976-1,2,2,5,,,,
Q321008977-1,2,2,5,,,,
Q321008978-1,2,2,5,,,,
Q321008979-1,2,2,5,,,,
Q321008999-1,33,7,5,,,,
Q321009002-1,MTS,3,5,,,,
Q321009060-1,4,7,5,,,,
Q321009060-2,4,7,5,,,,
Q321009113-1,33,3,5,,,,
Q321009130-1,4,1,5,,,,
Q321009157-1,4,4,5,,,,
Q321009175-1,33,1,5,,,,
Q321009175-2,33,1,5,,,,
Q321009187-1,31,2,5,,,,
Q321009187-2,31,2,5,,,,
Q321009197-1,34,1,5,,,,
Q321009212-1,31,1,5,,,,
Q321009223-1,34,3,5,,,,
Q321009233-1,34,1,5,,,,
Q321009233-2,34,1,5,,,,
Q321009247-3,31,5,5,,,,
Q321009285-1,32,5,5,,,,
Q321009289-1,1,1,5,,,,
Q321009306-1,33,4,5,,,,
Q321009306-2,33,4,5,,,,
Q321009306-3,33,4,5,,,,
Q321009318-1,34,6,5,,,,
Q321009325-1,2,1,5,,,,
Q321009327-2,34,3,5,,,,
Q321009327-3,34,1,5,,,,
Q321009327-4,34,3,5,,,,
Q321009329-1,34,1,5,,,,
Q321009332-1,31,2,5,,,,
Q321009333-1,34,1,5,,,,
Q321009335-1,MTS,1,5,,,,
Q321009337-1,34,3,5,,,,
Q321009352-1,1,2,5,,,,
Q321009358-1,34,3,5,,,,
Q321009368-1,33,2,5,,,,
Q321009373-1,33,6,5,,,,
Q321009373-2,33,6,5,,,,
Q321009382-1,32,11,5,,,,
Q321009383-1,34,1,5,,,,
Q321009386-1,34,3,5,,,,
Q321009404-2,31,2,5,,,,
Q321009411-2,34,2,5,,,,
Q321009411-3,34,2,5,,,,
Q321009411-4,34,2,5,,,,
Q321009411-5,34,2,5,,,,
Q321009411-8,34,2,5,,,,
Q321009414-1,4,2,5,,,,
Q321009415-1,34,2,5,,,,
Q321009416-1,4,1,5,,,,
Q321009417-1,4,7,5,,,,
Q321009417-2,4,7,5,,,,
Q321009453-1,34,3,5,,,,
Q321009462-1,34,4,5,,,,
Q321009465-1,34,3,5,,,,
Q321009475-1,4,3,5,,,,
Q321009476-1,33,3,5,,,,
Q321009483-1,4,9,5,,,,
Q321009508-2,31,2,5,,,,
Q321009519-1,34,3,5,,,,
Q321009520-1,34,3,5,,,,
Q321009521-1,34,3,5,,,,
Q321009522-1,34,3,5,,,,
Q321009523-1,34,3,5,,,,
Q321009524-1,34,3,5,,,,
Q321009525-1,34,3,5,,,,
Q321009526-1,34,3,5,,,,
Q321009527-1,34,3,5,,,,
Q321009528-1,34,3,5,,,,
Q321009529-1,34,3,5,,,,
Q321009530-1,34,3,5,,,,
Q321009531-1,34,3,5,,,,
Q321009532-1,34,3,5,,,,
Q321009540-1,4,9,5,,,,
Q321009549-1,1,1,5,,,,
Q321009582-1,32,3,5,,,,
Q321009583-1,32,5,5,,,,
Q321009594-1,34,4,5,,,,
Q321009639-1,32,4,5,,,,
Q321009642-1,32,5,5,,,,
Q321009648-1,32,4,5,,,,
Q321009649-1,32,4,5,,,,
Q321009650-1,32,4,5,,,,
Q321009651-1,32,4,5,,,,
Q321009652-1,32,4,5,,,,
Q321009653-1,32,4,5,,,,
Q321009654-1,32,4,5,,,,
Q321009655-1,32,4,5,,,,
Q321009656-1,32,4,5,,,,
Q321009664-1,4,4,5,,,,
Q321009698-1,MTS,1,5,,,,
Q321009703-1,4,2,5,,,,
Q321009711-1,34,7,5,,,,
Q321009746-1,34,1,5,,,,
Q321009746-2,34,4,5,,,,
Q321009761-1,32,1,5,,,,
Q321009763-1,32,1,5,,,,
Q321009767-1,34,3,5,,,,
Q321009767-2,34,3,5,,,,
Q321009767-3,34,1,5,,,,
Q321009770-1,2,1,5,,,,
Q321009776-1,34,7,5,,,,
Q321009777-1,34,2,5,,,,
Q321009777-2,34,2,5,,,,
Q321009777-3,34,2,5,,,,
Q321009777-4,34,2,5,,,,
Q321009777-5,34,2,5,,,,
Q321009777-8,34,2,5,,,,
Q321009777-9,34,2,5,,,,
Q321009778-1,34,2,5,,,,
Q321009779-1,MTS,3,5,,,,
Q321009787-1,4,8,5,,,,
Q321009791-1,1,2,5,,,,
Q321009803-1,34,1,5,,,,
Q321009812-1,33,1,5,,,,
Q321009815-1,34,3,5,,,,
Q321009846-1,4,1,5,,,,
Q321009858-1,33,3,5,,,,
Q321009871-1,MTS,3,5,,,,
Q321009872-1,34,3,5,,,,
Q321009879-1,4,7,5,,,,
Q321009879-2,4,7,5,,,,
Q321009888-1,31,2,5,,,,
Q321009892-1,32,3,5,,,,
Q321009905-2,31,1,6,,,,
Q321009966-1,4,2,6,,,,
Q321009974-1,4,3,6,,,,
Q321009977-1,31,1,6,,,,
Q321010001-1,34,2,6,,,,
Q321010001-2,34,2,6,,,,
Q321010001-3,34,2,6,,,,
Q321010001-4,34,2,6,,,,
Q321010005-1,34,2,6,,,,
Q321010065-1,34,1,6,,,,
Q321010094-1,1,1,6,,,,
Q321010106-1,33,6,6,,,,
Q321010106-2,33,6,6,,,,
Q321010126-1,34,4,6,,,,
Q321010143-1,MTS,1,6,,,,
Q321010148-1,31,2,6,,,,
Q321010148-10,31,2,6,,,,
Q321010148-2,31,2,6,,,,
Q321010148-3,31,2,6,,,,
Q321010148-4,31,2,6,,,,
Q321010148-5,31,2,6,,,,
Q321010148-6,31,2,6,,,,
Q321010148-7,31,2,6,,,,
Q321010148-8,31,2,6,,,,
Q321010148-9,31,2,6,,,,
Q321010177-2,33,6,6,,,,
Q321010187-1,4,2,6,,,,
Q321010197-1,34,1,6,,,,
Q321010202-1,31,2,6,,,,
Q321010205-1,31,1,6,,,,
Q321010210-1,4,4,6,,,,
Q321010229-2,1,2,6,,,,
Q321010251-1,32,3,6,,,,
Q321010253-1,4,3,6,,,,
Q321010275-3,34,4,6,,,,
Q321010278-2,34,3,6,,,,
Q321010285-1,34,1,6,,,,
Q321010287-1,34,3,6,,,,
Q321010297-1,34,3,6,,,,
Q321010322-1,33,2,6,,,,
Q321010331-1,31,10,6,,,,
Q321010333-1,31,10,6,,,,
Q321010391-1,MTS,1,6,,,,
Q321010413-1,31,8,6,,,,
Q321010423-1,4,1,6,,,,
Q321010424-1,4,7,6,,,,
Q321010424-2,4,7,6,,,,
Q321010437-1,4,3,6,,,,
Q321010455-3,33,3,6,,,,
Q321010472-1,31,7,6,,,,
Q321010505-1,34,3,6,,,,
Q321010549-1,34,1,6,,,,
Q321010552-1,33,3,6,,,,
Q321010558-1,31,10,6,,,,
Q321010560-1,31,1,6,,,,
Q321010566-1,31,10,6,,,,
Q321010568-1,31,10,6,,,,
Q321010569-1,31,10,6,,,,
Q321010572-1,31,10,6,,,,
Q321010579-1,4,2,6,,,,
Q321010586-1,34,7,6,,,,
Q321010587-1,34,7,6,,,,
Q321010588-1,34,7,6,,,,
Q321010589-1,34,7,6,,,,
Q321010601-1,MTS,3,6,,,,
Q321010645-1,34,4,6,,,,
Q321010645-4,34,1,6,,,,
Q321010645-5,34,3,6,,,,
Q321010649-1,33,1,6,,,,
Q321010649-2,33,1,6,,,,
Q321010697-1,4,4,6,,,,
Q321010702-1,32,5,6,,,,
Q321010716-1,4,2,6,,,,
Q321010718-1,1,1,6,,,,
Q321010744-3,34,3,6,,,,
Q321010756-1,31,1,6,,,,
Q321010757-1,31,8,6,,,,
Q321010757-2,31,8,6,,,,
Q321010787-1,34,4,6,,,,
Q321010787-2,34,1,6,,,,
Q321010817-1,34,2,6,,,,
Q321010817-2,34,2,6,,,,
Q321010817-3,34,2,6,,,,
Q321010817-4,34,2,6,,,,
Q321010818-1,4,1,6,,,,
Q321010821-1,4,7,6,,,,
Q321010821-2,4,7,6,,,,
Q321010842-1,MTS,1,6,,,,
Q321010886-1,33,2,6,,,,
Q321010914-1,31,8,6,,,,
Q321010927-1,31,8,6,,,,
Q321010927-3,31,6,6,,,,
Q321010929-1,33,3,6,,,,
Q321010950-1,2,1,6,,,,
Q321010954-1,31,3,6,,,,
Q321010956-1,32,3,6,,,,
Q321010958-3,34,3,6,,,,
Q321010983-1,4,4,6,,,,
Q321010985-1,31,1,6,,,,
Q321010985-2,31,1,6,,,,
Q321011083-1,33,1,6,,,,
Q321011128-1,4,2,6,,,,
Q321011141-1,34,3,6,,,,
Q321011182-1,34,4,6,,,,
Q321011182-2,34,1,6,,,,
Q321011205-1,32,5,6,,,,
Q321011212-1,MTS,1,6,,,,
Q321011216-1,33,2,6,,,,
Q321011222-1,34,3,6,,,,
Q321011222-2,34,3,6,,,,
Q321011232-1,31,8,6,,,,
Q321011256-1,1,1,6,,,,
Q321011262-1,2,1,6,,,,
Q321011282-1,2,1,6,,,,
Q321011283-1,2,1,6,,,,
Q321011284-1,2,1,6,,,,
Q321011285-1,2,1,6,,,,
Q321011286-1,2,1,6,,,,
Q321011314-1,34,3,6,,,,
Q321011315-1,4,3,6,,,,
Q321011325-1,4,8,6,,,,
Q321011329-1,33,6,6,,,,
Q321011329-2,33,6,6,,,,
Q321011356-1,34,6,6,,,,
Q321011363-1,1,2,6,,,,
Q321011367-1,34,2,6,,,,
Q321011367-2,34,2,6,,,,
Q321011367-3,34,2,6,,,,
Q321011367-4,34,2,6,,,,
Q321011369-1,4,1,6,,,,
Q321011372-1,4,7,6,,,,
Q321011372-2,4,7,6,,,,
Q321011383-1,4,5,6,,,,
Q321011394-1,4,2,6,,,,
Q321011397-1,4,1,6,,,,
Q321011398-2,4,1,6,,,,
Q321011400-1,4,6,6,,,,
Q321011819-1,4,2,7,,,,
Q321011876-1,1,1,7,,,,
Q321011839-1,2,3,7,,,,
Q321011840-1,2,3,7,,,,
Q321011841-1,2,3,7,,,,
Q321011842-1,2,3,7,,,,
Q321011851-1,33,2,7,,,,
Q321011851-2,33,2,7,,,,
Q321011862-1,4,One-Off,7,,,,
Q321011902-1,2,2,7,,,,
Q321011905-1,2,2,7,,,,
Q321011896-1,31,One-Off,7,,,,
Q321011926-1,31,10,7,,,,
Q321011931-1,31,One-Off,7,,,,
Q321011935-1,31,1,7,,,,
Q321011918-1,33,3,7,,,,
Q321011939-1,4,9,7,,,,
Q321012055-1,1,2,7,,,,
Q321012053-1,32,One-Off,7,,,,
Q321011997-1,33,6,7,,,,
Q321011997-2,33,6,7,,,,
Q321012028-1,33,6,7,,,,
Q321012028-2,33,6,7,,,,
Q321012046-1,34,2,7,,,,
Q321012046-2,34,2,7,,,,
Q321012046-3,34,2,7,,,,
Q321012046-4,34,2,7,,,,
Q321012046-5,34,2,7,,,,
Q321012046-8,34,2,7,,,,
Q321012052-1,34,2,7,,,,
Q321011952-1,4,One-Off,7,,,,
Q321012084-1,31,One-Off,7,,,,
Q321012180-1,31,One-Off,7,,,,
Q321012182-1,31,One-Off,7,,,,
Q321012183-1,31,One-Off,7,,,,
Q321012148-1,34,1,7,,,,
Q321012156-1,34,1,7,,,,
Q321012126-1,4,1,7,,,,
Q321012126-2,4,1,7,,,,
Q321012127-1,4,1,7,,,,
Q321012128-1,4,1,7,,,,
Q321012129-1,4,5,7,,,,
Q321012131-1,4,1,7,,,,
Q321012133-1,4,7,7,,,,
Q321012133-2,4,7,7,,,,
Q321012134-1,4,1,7,,,,
Q321012140-1,4,4,7,,,,
Q321012085-1,5,1,7,,,,
Q321012085-2,5,1,7,,,,
Q321012085-3,5,1,7,,,,
Q321012298-1,1,One-Off,7,,,,
Q321012275-1,31,One-Off,7,,,,
Q321012282-1,31,10,7,,,,
Q321012285-1,31,10,7,,,,
Q321012292-1,31,10,7,,,,
Q321012293-1,31,10,7,,,,
Q321012296-1,31,10,7,,,,
Q321012263-1,32,One-Off,7,,,,
Q321012291-1,32,One-Off,7,,,,
Q321012271-1,33,3,7,,,,
Q321012247-1,34,1,7,,,,
Q321012247-2,34,1,7,,,,
Q321012249-3,34,1,7,,,,
Q321012249-4,34,1,7,,,,
Q321012261-1,34,1,7,,,,
Q321012295-3,34,1,7,,,,
Q321012301-1,34,1,7,,,,
Q321012310-1,4,One-Off,7,,,,
Q321012312-1,4,One-Off,7,,,,
Q321012314-1,32,One-Off,7,,,,
Q321012324-1,32,One-Off,7,,,,
Q321012340-1,33,2,7,,,,
Q321012341-1,33,One-Off,7,,,,
Q321012345-1,33,4,7,,,,
Q321012345-2,33,4,7,,,,
Q321012295-5,34,3,7,,,,
Q321012295-6,34,1,7,,,,
Q321012375-1,4,2,7,,,,
Q321012375-2,4,2,7,,,,
Q321012437-1,31,1,7,,,,
Q321012388-1,32,One-Off,7,,,,
Q321012434-1,4,9,7,,,,
Q321012298-2,1,One-Off,7,,,,
Q321012488-1,1,2,7,,,,
Q321012499-1,31,10,7,,,,
Q321012497-1,33,1,7,,,,
Q321012496-1,34,One-Off,7,,,,
Q321012662-1,34,3,7,,,,
Q321012662-2,34,3,7,,,,
Q321012662-3,34,3,7,,,,
Q321012667-1,4,3,7,,,,
Q321012699-1,34,2,7,,,,
Q321012699-2,34,2,7,,,,
Q321012699-3,34,2,7,,,,
Q321012699-5,34,2,7,,,,
Q321012699-6,34,2,7,,,,
Q321012699-7,34,2,7,,,,
Q321012700-1,34,2,7,,,,
Q321012705-1,34,1,7,,,,
Q321012725-1,33,4,7,,,,
Q321012725-2,33,4,7,,,,
Q321012662-4,34,3,7,,,,
Q321012662-5,34,One-Off,7,,,,
Q321012662-6,34,One-Off,7,,,,
Q321012662-8,34,One-Off,7,,,,
Q321012708-2,34,3,7,,,,
Q321012716-1,4,1,7,,,,
Q321012720-1,4,4,7,,,,
Q321012721-1,4,5,7,,,,
Q321012740-1,4,One-Off,7,,,,
Q321012741-1,4,1,7,,,,
Q321012741-2,4,1,7,,,,
Q321012756-1,4,1,7,,,,
Q321012829-1,1,1,7,,,,
Q321012811-1,32,5,7,,,,
Q321012792-1,33,One-Off,7,,,,
Q321012792-2,33,One-Off,7,,,,
Q321012835-1,33,One-Off,7,,,,
Q321012835-2,33,One-Off,7,,,,
Q321012828-1,34,1,7,,,,
Q321012839-1,32,One-Off,7,,,,
Q321012856-1,32,One-Off,7,,,,
Q321012858-1,34,One-Off,7,,,,
Q321012859-1,32,One-Off,7,,,,
Q321012872-1,34,One-Off,7,,,,
Q321012878-1,31,One-Off,7,,,,
Q321012896-1,1,2,7,,,,
Q321012909-1,2,One-Off,7,,,,
Q321012705-2,34,1,7,,,,
Q321012705-3,34,One-Off,7,,,,
Q321012705-4,34,1,7,,,,
Q321012915-2,34,One-Off,7,,,,
Q321012928-1,34,One-Off,7,,,,
Q321012997-1,31,3,7,,,,
Q321013009-1,33,6,7,,,,
Q321012961-1,4,One-Off,7,,,,
Q321013037-1,31,1,7,,,,
Q321013071-1,31,One-Off,7,,,,
Q321013031-1,33,3,7,,,,
Q321013077-1,33,1,7,,,,
Q321013077-2,33,1,7,,,,
Q321013054-1,4,3,7,,,,
Q321013057-1,4,One-Off,7,,,,
Q321013088-1,2,One-Off,7,,,,
Q321013133-1,33,One-Off,7,,,,
Q321013105-1,34,One-Off,7,,,,
Q321013105-2,34,One-Off,7,,,,
Q321013134-1,34,6,7,,,,
Q321013209-1,2,One-Off,7,,,,
Q321013153-1,33,6,7,,,,
Q321013153-2,33,6,7,,,,
Q321013105-3,34,One-Off,7,,,,
Q321013208-1,4,One-Off,7,,,,
Q321013213-1,4,One-Off,7,,,,
Q321013205-1,5,1,7,,,,
Q321013205-2,5,1,7,,,,
Q321013205-3,5,1,7,,,,
Q321013262-3,34,4,8,,,,
Q321013262-4,34,One-Off,8,,,,
Q321013262-5,34,3,8,,,,
Q321013262-6,34,3,8,,,,
Q321013262-8,34,3,8,,,,
Q321013267-1,34,1,8,,,,
Q321013298-1,34,9,8,,,,
Q321013298-2,34,9,8,,,,
Q321013298-3,34,9,8,,,,
Q321013300-1,34,One-Off,8,,,,
Q321013302-1,34,9,8,,,,
Q321013314-1,34,9,8,,,,
Q321013314-2,34,9,8,,,,
Q321013286-1,4,6,8,,,,
Q321013289-1,4,1,8,,,,
Q321013291-1,4,2,8,,,,
Q321013295-1,4,5,8,,,,
Q321013297-1,4,1,8,,,,
Q321013304-1,4,1,8,,,,
Q321013304-2,4,1,8,,,,
Q321013306-1,4,6,8,,,,
Q321013381-1,32,5,8,,,,
Q321013371-1,34,One-Off,8,,,,
Q321013400-1,31,One-Off,8,,,,
Q321013407-1,5,One-Off,8,,,,
Q321013421-1,34,2,8,,,,
Q321013421-2,34,2,8,,,,
Q321013421-3,34,2,8,,,,
Q321013421-4,34,2,8,,,,
Q321013421-5,34,2,8,,,,
Q321013423-1,34,2,8,,,,
Q321013557-1,34,6,8,,,,
Q321013560-1,33,3,8,,,,
Q321013604-1,1,2,8,,,,
Q321013656-1,32,7,8,,,,
Q321013657-1,32,7,8,,,,
Q321013658-1,32,7,8,,,,
Q321013618-1,33,1,8,,,,
Q321013646-1,33,One-Off,8,,,,
Q321013746-1,2,One-Off,8,,,,
Q321013791-1,31,One-Off,8,,,,
Q321013792-1,31,One-Off,8,,,,
Q321013793-1,31,One-Off,8,,,,
Q321013794-1,31,One-Off,8,,,,
Q321013795-1,31,One-Off,8,,,,
Q321013796-1,31,One-Off,8,,,,
Q321013797-1,31,One-Off,8,,,,
Q321013729-1,33,One-Off,8,,,,
Q321013729-2,33,4,8,,,,
Q321013763-1,33,3,8,,,,
Q321013777-1,33,2,8,,,,
Q321013725-1,34,One-Off,8,,,,
Q321013727-1,34,One-Off,8,,,,
Q321013727-2,34,3,8,,,,
Q321013759-1,34,3,8,,,,
Q321013788-1,34,9,8,,,,
Q321013715-1,4,6,8,,,,
Q321013716-1,4,5,8,,,,
Q321013717-1,4,1,8,,,,
Q321013718-1,4,6,8,,,,
Q321013719-1,4,1,8,,,,
Q321013719-2,4,1,8,,,,
Q321013728-1,4,1,8,,,,
Q321013783-1,5,One-Off,8,,,,
Q321013783-2,5,One-Off,8,,,,
Q321013783-3,5,One-Off,8,,,,
Q321013840-1,31,10,8,,,,
Q321013842-1,31,10,8,,,,
Q321013843-1,31,10,8,,,,
Q321013849-1,31,One-Off,8,,,,
Q321013837-1,32,3,8,,,,
Q321013809-1,33,4,8,,,,
Q321013809-2,33,4,8,,,,
Q321013725-3,34,4,8,,,,
Q321013725-4,34,4,8,,,,
Q321013865-1,1,1,8,,,,
Q321013894-1,31,5,8,,,,
Q321013725-5,34,1,8,,,,
Q321013725-6,34,One-Off,8,,,,
Q321013727-3,34,1,8,,,,
Q321013884-1,34,One-Off,8,,,,
Q321013949-1,MTS,5,8,,,,
Q321013958-1,31,One-Off,8,,,,
Q321013952-1,34,One-Off,8,,,,
Q321013916-1,4,4,8,,,,
Q321013927-1,4,One-Off,8,,,,
Q321013946-1,4,One-Off,8,,,,
Q321013947-1,4,One-Off,8,,,,
Q321013953-1,4,One-Off,8,,,,
Q321014015-1,1,2,8,,,,
Q321014015-2,1,2,8,,,,
Q321014018-1,33,2,8,,,,
Q321013996-1,34,2,8,,,,
Q321013996-2,34,2,8,,,,
Q321013996-3,34,2,8,,,,
Q321013996-4,34,2,8,,,,
Q321013996-5,34,2,8,,,,
Q321014001-1,34,2,8,,,,
Q321013991-1,4,2,8,,,,
Q321014072-1,33,1,8,,,,
Q321014072-2,33,1,8,,,,
Q321014053-1,34,One-Off,8,,,,
Q321014055-1,4,One-Off,8,,,,
Q321014074-1,4,3,8,,,,
Q321014111-1,MTS,3,8,,,,
Q321014113-1,MTS,3,8,,,,
Q321014114-1,MTS,3,8,,,,
Q321014092-1,34,One-Off,8,,,,
Q321014096-2,34,4,8,,,,
Q321014096-3,34,1,8,,,,
Q321014096-4,34,3,8,,,,
Q321014099-1,34,1,8,,,,
Q321014099-2,34,4,8,,,,
Q321014099-3,34,4,8,,,,
Q321014128-1,34,3,8,,,,
Q321014072-3,33,1,8,,,,
Q321014157-1,33,One-Off,8,,,,
Q321014165-1,33,3,8,,,,
Q321014177-1,33,7,8,,,,
Q321014177-2,33,7,8,,,,
Q321014096-5,34,1,8,,,,
Q321014147-1,34,One-Off,8,,,,
Q321014149-1,34,One-Off,8,,,,
Q321014175-1,34,9,8,,,,
Q321014175-2,34,9,8,,,,
Q321014188-1,34,9,8,,,,
Q321014188-2,34,9,8,,,,
Q321014188-3,34,9,8,,,,
Q321014189-1,34,9,8,,,,
Q321014160-1,4,One-Off,8,,,,
Q321014200-1,4,One-Off,8,,,,
Q321014228-1,31,One-Off,8,,,,
Q321014247-1,31,1,8,,,,
Q321014268-1,31,One-Off,8,,,,
Q321014229-1,4,One-Off,8,,,,
Q321014249-1,4,One-Off,8,,,,
Q321014361-1,1,1,8,,,,
Q321014358-1,2,1,8,,,,
Q321014329-1,31,One-Off,8,,,,
Q321014347-1,31,One-Off,8,,,,
Q321014351-1,31,One-Off,8,,,,
Q321014295-1,32,4,8,,,,
Q321014296-1,32,4,8,,,,
Q321014297-1,32,4,8,,,,
Q321014298-1,32,4,8,,,,
Q321014299-1,32,4,8,,,,
Q321014300-1,32,4,8,,,,
Q321014301-1,32,4,8,,,,
Q321014302-1,32,4,8,,,,
Q321014303-1,32,4,8,,,,
Q321014319-1,33,One-Off,8,,,,
Q321014319-2,33,One-Off,8,,,,
Q421014324-1,33,One-Off,8,,,,
Q321014285-1,34,One-Off,8,,,,
Q321014286-1,34,One-Off,8,,,,
Q321014287-1,34,One-Off,8,,,,
Q321014288-1,34,One-Off,8,,,,
Q321014289-1,34,One-Off,8,,,,
Q321014310-1,4,6,8,,,,
Q321014311-1,4,7,8,,,,
Q321014311-2,4,7,8,,,,
Q321014312-1,4,1,8,,,,
Q321014314-1,4,6,8,,,,
Q321014315-1,4,1,8,,,,
Q321014315-2,4,1,8,,,,
Q321014318-1,4,1,8,,,,
Q321014355-1,4,One-Off,8,,,,
Q321014374-1,33,6,8,,,,
Q321014369-1,34,4,8,,,,
Q321014406-1,MTS,4,8,,,,
Q321014410-1,MTS,5,8,,,,
Q321014404-1,31,One-Off,8,,,,
Q321014398-1,32,3,8,,,,
Q321014464-1,2,One-Off,8,,,,
Q321014487-1,2,One-Off,8,,,,
Q321014494-1,31,9,8,,,,
Q321014497-1,31,One-Off,8,,,,
Q421014451-1,33,One-Off,8,,,,
Q321014490-1,4,One-Off,8,,,,
Q321014496-1,4,One-Off,8,,,,
Q321014496-2,4,One-Off,8,,,,
Q321014487-2,2,One-Off,8,,,,
Q321014551-1,2,One-Off,8,,,,
Q321014560-1,31,One-Off,8,,,,
Q321014539-2,33,1,8,,,,
Q321014568-1,33,One-Off,8,,,,
Q321014568-2,33,One-Off,8,,,,
Q321014533-1,4,One-Off,8,,,,
Q321014652-1,2,One-Off,8,,,,
Q321014635-1,31,10,8,,,,
Q321014641-1,31,10,8,,,,
Q321014642-1,31,10,8,,,,
Q321014643-1,31,10,8,,,,
Q321014620-1,34,2,8,,,,
Q321014620-2,34,2,8,,,,
Q321014620-5,34,2,8,,,,
Q321014620-7,34,2,8,,,,
Q321014620-8,34,2,8,,,,
Q321014631-1,34,2,8,,,,
Q321014637-1,4,One-Off,8,,,,
Q321014637-2,4,One-Off,8,,,,
Q321014694-1,32,3,8,,,,
Q321014612-3,34,One-Off,8,,,,
Q321014672-2,34,1,8,,,,
Q321014675-2,34,One-Off,8,,,,
Q321014677-1,34,4,8,,,,
Q321014677-2,34,One-Off,8,,,,
Q321014677-3,34,One-Off,8,,,,
Q321014677-4,34,1,8,,,,
Q321014677-5,34,1,8,,,,
Q321014684-1,34,9,8,,,,
Q321014709-1,34,9,8,,,,
Q321014712-1,34,9,8,,,,
Q321014713-1,34,9,8,,,,
